Trajectory,SMILES,Molality Weight,Monomer,Degree of Polymerization,Density,CONDUCTIVITY
57,*O*,0,0,22,0,1.37E-03
621,*OC*,0,0,22,0,1.36E-03
351,OOCC**C,0,0,22,0,1.36E-03
276,*OCCC*,0,0,22,0,1.36E-03
238,*CO*,0,0,22,0,1.36E-03
121,*COC*,0,0,22,0,1.36E-03
58,*COCC*,0,0,22,0,1.36E-03
140,*COCCC*,0,0,22,0,1.36E-03
600,*OCO*,0,0,22,0,1.35E-03
546,*OCOCC*,0,0,22,0,1.35E-03
161,*COO*,0,0,22,0,1.35E-03
515,*COOCC*,0,0,22,0,1.35E-03
418,*OCOCCCC*,0,0,22,0,1.35E-03
485,O*O*O,0,0,22,0,1.34E-03
316,O**CC,0,0,22,0,1.34E-03
658,*COCSCC*,0,0,22,0,1.34E-03
663,*OCCCSC*,0,0,22,0,1.34E-03
14,*OCCOC*,0,0,22,0,1.33E-03
15,*COCOC*,0,0,22,0,1.33E-03
469,*COCOCC*,0,0,22,0,1.33E-03
269,*CSO*,0,0,22,0,1.33E-03
441,C*COC*C,0,0,22,0,1.33E-03
201,*CCOC*,0,0,22,0,1.33E-03
44,*CCOCC*,0,0,22,0,1.33E-03
26,*CCOCCC*,0,0,22,0,1.32E-03
659,*OCCOCS*,0,0,22,0,1.32E-03
69,*OCOCOCCC*,0,0,22,0,1.32E-03
379,*COCCO*,0,0,22,0,1.32E-03
681,*COOCOCCCC*,0,0,22,0,1.32E-03
270,*COCCOC*,0,0,22,0,1.32E-03
709,*OCCCO*,0,0,22,0,1.32E-03
527,*COCCCCO*,0,0,22,0,1.31E-03
107,*COCCOCC*,0,0,22,0,1.31E-03
274,OCCO**CO,0,0,22,0,1.31E-03
96,*CCOO*,0,0,22,0,1.31E-03
460,*COOCCCCOCCC*,0,0,22,0,1.31E-03
217,*COCCCO*,0,0,22,0,1.31E-03
474,*CCOOC*,0,0,22,0,1.31E-03
5,*COCCCCOC*,0,0,22,0,1.31E-03
36,*OCCCCCCO*,0,0,22,0,1.31E-03
495,*OCCCCCO*,0,0,22,0,1.31E-03
70,*COCOCN*,0,0,22,0,1.31E-03
492,*COCCCOCC*,0,0,22,0,1.31E-03
239,*COCOCCO*,0,0,22,0,1.30E-03
7,*OCCOCCCO*,0,0,22,0,1.30E-03
298,*OCCOCCO*,0,0,22,0,1.30E-03
81,*COCCOCCCC*,0,0,22,0,1.30E-03
616,*COCOCOCC*,0,0,22,0,1.30E-03
421,*COCOCCCOCC*,0,0,22,0,1.30E-03
553,*COCCCCOCC*,0,0,22,0,1.29E-03
75,*CCOCO*,0,0,22,0,1.29E-03
511,*SCOCOCC*,0,0,22,0,1.29E-03
328,*CCOCOC*,0,0,22,0,1.29E-03
504,*COCCCOCCC*,0,0,22,0,1.29E-03
707,*OCCSCCO*,0,0,22,0,1.29E-03
94,*COCOCOCCC*,0,0,22,0,1.29E-03
331,*COCCOCCCCC*,0,0,22,0,1.29E-03
287,*CCOCOCC*,0,0,22,0,1.29E-03
179,*COCCOCO*,0,0,22,0,1.29E-03
80,*CCOCOCCC*,0,0,22,0,1.29E-03
138,*CCOCCO*,0,0,22,0,1.28E-03
338,*CCOCOS*,0,0,22,0,1.28E-03
90,*COCOCOCO*,0,0,22,0,1.28E-03
29,*CCOCCOC*,0,0,22,0,1.28E-03
692,*COCCCCOCCC*,0,0,22,0,1.28E-03
569,*CCOOCOCC*,0,0,22,0,1.28E-03
400,*CCOCCCOC*,0,0,22,0,1.28E-03
114,*COCCCOCO*,0,0,22,0,1.28E-03
314,*OCCOCOO*,0,0,22,0,1.28E-03
457,*CSCOC*,0,0,22,0,1.28E-03
265,*CCOCCCCOC*,0,0,22,0,1.28E-03
46,*CCOCOCCCC*,0,0,22,0,1.27E-03
518,C*C*OC,0,0,22,0,1.27E-03
664,*CCOOCOCCC*,0,0,22,0,1.27E-03
41,*CCCO*,0,0,22,0,1.27E-03
72,*OCCOCOCCO*,0,0,22,0,1.27E-03
732,*CCOCCCCOCCC*,0,0,22,0,1.27E-03
208,*CCCOC*,0,0,22,0,1.27E-03
737,*COCCCOCOC*,0,0,22,0,1.27E-03
89,*COCCCOCOCC*,0,0,22,0,1.26E-03
354,*CCCOCC*,0,0,22,0,1.26E-03
646,*OCCCCCOO*,0,0,22,0,1.26E-03
429,*CCOCOCCO*,0,0,22,0,1.26E-03
392,*COCOCOCCOCC*,0,0,22,0,1.26E-03
67,*CCCOCCC*,0,0,22,0,1.26E-03
95,COC**COCOC,0,0,22,0,1.26E-03
507,*CCOCCCOCC*,0,0,22,0,1.26E-03
526,*COCCCOCOCCC*,0,0,22,0,1.26E-03
98,*CCOCCOCCC*,0,0,22,0,1.26E-03
702,*COCCOCCCCOC*,0,0,22,0,1.26E-03
224,*COCCCCOCOCC*,0,0,22,0,1.25E-03
482,*COOCCCOCOCCCO*,0,0,22,0,1.25E-03
729,*CCSOS*,0,0,22,0,1.25E-03
152,*CCOCOCCOC*,0,0,22,0,1.25E-03
357,*CCCOCCCC*,0,0,22,0,1.25E-03
235,*OCCCOCOCC*,0,0,22,0,1.25E-03
125,*COCCCOCOO*,0,0,22,0,1.24E-03
93,*CCOCOCCOCCC*,0,0,22,0,1.24E-03
614,*CCOCOCCCOCC*,0,0,22,0,1.24E-03
17,*CCCOCSC*,0,0,22,0,1.24E-03
652,*COCOCCOCOCOC*,0,0,22,0,1.24E-03
541,*CCOOCOCOO*,0,0,22,0,1.24E-03
32,*CCOCOCOCC*,0,0,22,0,1.24E-03
19,*CCOCCCOCO*,0,0,22,0,1.24E-03
571,*CCOCCOCOC*,0,0,22,0,1.23E-03
291,*COCCCCOCOO*,0,0,22,0,1.23E-03
330,*CCOCCOCOCC*,0,0,22,0,1.23E-03
202,*COCOCOCOCOCC*,0,0,22,0,1.23E-03
77,*COCCOCOCCO*,0,0,22,0,1.23E-03
304,*CCOCCOCCOC*,0,0,22,0,1.23E-03
465,*CCOCCCOCOC*,0,0,22,0,1.23E-03
252,*OCCSCCCCCC*,0,0,22,0,1.23E-03
200,*CCOCCOCOCCC*,0,0,22,0,1.23E-03
585,*CCOCCCCOCO*,0,0,22,0,1.23E-03
78,*CCOCOCCCCOC*,0,0,22,0,1.23E-03
363,*CCOCCCOCOCC*,0,0,22,0,1.22E-03
453,*COCOCCCCOCCOO*,0,0,22,0,1.22E-03
243,*CCOCOCOCCC*,0,0,22,0,1.22E-03
9,*CCOCOCOCOC*,0,0,22,0,1.22E-03
738,*COCOCCOCOCON*,0,0,22,0,1.22E-03
296,*OCCCCCOCCO*,0,0,22,0,1.22E-03
464,*CCCOCOC*,0,0,22,0,1.22E-03
23,*CCOCCOCCOCCC*,0,0,22,0,1.22E-03
508,*COCOCCCCOCCCOCCOCC*,0,0,22,0,1.21E-03
385,*CCOCOCOCOCC*,0,0,22,0,1.21E-03
405,*COCCCOCCCOO*,0,0,22,0,1.21E-03
366,*CCOCOCCCOCOC*,0,0,22,0,1.21E-03
68,*CCCOCCCO*,0,0,22,0,1.21E-03
435,*CCOCOCCOCCOCC*,0,0,22,0,1.21E-03
181,*CCOCCCOCCOC*,0,0,22,0,1.20E-03
403,*COCCOCOCOCCO*,0,0,22,0,1.20E-03
651,*COCCOCCSCCCCOC*,0,0,22,0,1.20E-03
155,*CCOCOCCCOCOCC*,0,0,22,0,1.20E-03
669,*CCOCOCCOCOCC*,0,0,22,0,1.20E-03
259,*CCCOCOCC*,0,0,22,0,1.20E-03
673,*CCOCCOCOOCC*,0,0,22,0,1.20E-03
173,*CCOCCOCCCOCC*,0,0,22,0,1.20E-03
185,*COCCOCCOCOCO*,0,0,22,0,1.20E-03
178,*CCOCOCOCOCCCC*,0,0,22,0,1.20E-03
352,*CCCOCCCCO*,0,0,22,0,1.19E-03
682,*COCOCOCOCOCOCC*,0,0,22,0,1.19E-03
154,*CCCOCCOC*,0,0,22,0,1.19E-03
342,*CCCOCCCOCC*,0,0,22,0,1.19E-03
356,*CCOCOCOCCOCC*,0,0,22,0,1.19E-03
497,*CCOCCOCOCOC*,0,0,22,0,1.18E-03
255,*COCCCCOCSO*,0,0,22,0,1.18E-03
641,*CCOCOCOCCCO*,0,0,22,0,1.18E-03
694,*CCOCCOCOCOCC*,0,0,22,0,1.18E-03
242,*CCOCCCOCOCOCC*,0,0,22,0,1.18E-03
533,*CCOCOCCCCCCOC*,0,0,22,0,1.18E-03
267,*CCOCOCOCOCOCC*,0,0,22,0,1.18E-03
376,*CCCOCCCCOCC*,0,0,22,0,1.17E-03
593,*CCCOCOCO*,0,0,22,0,1.17E-03
608,*CCOCCOCOCOCCC*,0,0,22,0,1.17E-03
278,*CCOCOCOCCCOCC*,0,0,22,0,1.16E-03
365,*CCOCCCOCOCCOC*,0,0,22,0,1.16E-03
562,*CCCOOCOOCC*,0,0,22,0,1.16E-03
555,*CCOCCCCOCOCOC*,0,0,22,0,1.16E-03
193,*CCCOCOOC*,0,0,22,0,1.16E-03
431,*CCOCOCCCCOCOCC*,0,0,22,0,1.16E-03
132,*CCCOCOCOCC*,0,0,22,0,1.16E-03
215,*CCCOCOCCO*,0,0,22,0,1.16E-03
209,*CCOCOCOCCOCO*,0,0,22,0,1.15E-03
486,*CCOCCCOCOCOCCC*,0,0,22,0,1.15E-03
444,*CCSCOCC*,0,0,22,0,1.15E-03
472,*CCOCOCCCCOCCOC*,0,0,22,0,1.15E-03
64,*COCOCCOCOCOCOCC*,0,0,22,0,1.15E-03
334,*CCOCOCOCOCOCO*,0,0,22,0,1.15E-03
156,*CCCOCOCCC*,0,0,22,0,1.15E-03
494,*CCOCOCCOCOCOCC*,0,0,22,0,1.14E-03
629,*CCOCCOCOCOCO*,0,0,22,0,1.14E-03
728,*CCCOCOCCOC*,0,0,22,0,1.14E-03
638,*CCOCCCCOCOCOCC*,0,0,22,0,1.14E-03
263,*CCCOCOCOO*,0,0,22,0,1.13E-03
51,*CCCCO*,0,0,22,0,1.13E-03
288,*CCCOCCOCC*,0,0,22,0,1.13E-03
205,*COCCCCCCOCOCOCOCC*,0,0,22,0,1.13E-03
186,*CCOCOCOCOCOCCO*,0,0,22,0,1.13E-03
102,*CCOCCOCCCOCOCC*,0,0,22,0,1.13E-03
231,*CCCCOC*,0,0,22,0,1.12E-03
147,*CCCOCOCCCC*,0,0,22,0,1.12E-03
568,*CCCOCOCCOCCC*,0,0,22,0,1.12E-03
283,*CCCOCCCCOCOC*,0,0,22,0,1.12E-03
407,*CCCCOCC*,0,0,22,0,1.11E-03
299,*COCCCCCCSOS*,0,0,22,0,1.11E-03
375,C*C*CO,0,0,22,0,1.11E-03
590,*CCOCCCCOCOCOO*,0,0,22,0,1.11E-03
49,*CCOCOCCOCOCCCCC*,0,0,22,0,1.10E-03
712,*CCCOCOCCCO*,0,0,22,0,1.10E-03
718,*CCCOCCCOCOCC*,0,0,22,0,1.10E-03
47,*CCCCOO*,0,0,22,0,1.10E-03
30,*OCCOCSCCCCCCOCCC*,0,0,22,0,1.10E-03
333,CC**CO,0,0,22,0,1.10E-03
582,*CSCSCO*,0,0,22,0,1.09E-03
2,*CCCOCOCCOCOCC*,0,0,22,0,1.08E-03
648,*CCCOCCOCOCOCC*,0,0,22,0,1.07E-03
301,*CCCCOCO*,0,0,22,0,1.06E-03
637,*CCCOCOCCOCOCOCCOOO*,0,0,22,0,1.05E-03
611,*OSCCOCCCCCOO*,0,0,22,0,1.05E-03
106,*COCCCCOCOCOCOCC*,0,0,22,0,1.05E-03
550,*CCCOCCCOCOCO*,0,0,22,0,1.05E-03
484,*CCCOCCOCOCCOC*,0,0,22,0,1.05E-03
368,*CCCOCCOCCCO*,0,0,22,0,1.04E-03
396,*OCCSCCCCSCCC*,0,0,22,0,1.04E-03
56,*CCCOCCOCOCOO*,0,0,22,0,1.04E-03
532,*CCCOCCOCOCOCO*,0,0,22,0,1.02E-03
549,*CCCCOCCC*,0,0,22,0,1.02E-03
335,*CCCOCCOCCOOCC*,0,0,22,0,1.01E-03
135,*CCCCOCCOC*,0,0,22,0,1.01E-03
142,*CCCSCO*,0,0,22,0,1.01E-03
618,*CCCOCCCOCCOCOC*,0,0,22,0,9.96E-04
374,*CCCOCOCOCOCOCC*,0,0,22,0,9.92E-04
124,*COCCOCCOCCOCOCN*,0,0,22,0,9.82E-04
674,*CCOCCCOCCOCCCOO*,0,0,22,0,9.72E-04
595,*CCCCOCCOCCCC*,0,0,22,0,9.67E-04
672,*CCCCOCOC*,0,0,22,0,9.62E-04
315,*CCCOCNO*,0,0,22,0,9.41E-04
210,*CS*,0,0,22,0,9.39E-04
587,CCS**CCC,0,0,22,0,9.32E-04
162,*CCOCCCCOCOCOCOCC*,0,0,22,0,9.17E-04
191,*CCOCCCCOCOOCOCOC*,0,0,22,0,9.13E-04
110,*CCCCOCOCOCC*,0,0,22,0,9.13E-04
478,*CSCCOCCCOCCC*,0,0,22,0,9.10E-04
22,COC**CCCOCCCOCOCOS,0,0,22,0,9.10E-04
38,CC*CCO*COCCF,0,0,22,0,9.05E-04
11,*SCCC*,0,0,22,0,9.01E-04
329,*CCCCOCCOCOC*,0,0,22,0,8.94E-04
346,*CCCCOCCCOCOC*,0,0,22,0,8.87E-04
597,*CCCCOCCOCOCC*,0,0,22,0,8.80E-04
676,O*C*CCOCCCOCOCC,0,0,22,0,8.66E-04
337,*CCCSCC*,0,0,22,0,8.62E-04
720,*CCCCOCCOCOCCC*,0,0,22,0,8.60E-04
197,C*C*COCOCOCOCOCO,0,0,22,0,8.53E-04
436,*CCCCOCCCOCCO*,0,0,22,0,8.51E-04
566,*CCCCOCOCCO*,0,0,22,0,8.23E-04
501,C*C*S,0,0,22,0,8.19E-04
563,*CCCCOCCCCOC*,0,0,22,0,8.19E-04
153,C*CC*COC,0,0,22,0,8.18E-04
442,*CCCCOCCOCOCCO*,0,0,22,0,8.14E-04
12,*CCCCOCOCOCCCN*,0,0,22,0,8.08E-04
499,C*C*CCO,0,0,22,0,7.96E-04
219,*CCCCOCOCC*,0,0,22,0,7.79E-04
399,*CCCOCOCOCCOCOCO*,0,0,22,0,7.65E-04
564,*CCOCNNO*,0,0,22,0,7.62E-04
500,*CCCCSCO*,0,0,22,0,7.58E-04
417,*CCCCCOCOCC*,0,0,22,0,7.57E-04
489,*CCCCOCOCCCOCC*,0,0,22,0,7.46E-04
184,C**CCOCOCS,0,0,22,0,7.44E-04
446,*CSCCCOCCOCC*,0,0,22,0,7.40E-04
306,*CCCCCOCOCCC*,0,0,22,0,7.25E-04
488,*CCCOCCOCOCCCOCC*,0,0,22,0,7.06E-04
731,CCC**CCOC,0,0,22,0,7.05E-04
364,C*C*COCOCCCOC,0,0,22,0,6.94E-04
447,*CCCOCOOCON*,0,0,22,0,6.94E-04
349,*CCCOCOCCOCOCOCOC*,0,0,22,0,6.72E-04
423,*CCCCSC*,0,0,22,0,6.66E-04
592,*CCCOCSCCCSCCCO*,0,0,22,0,6.44E-04
83,*COCCCCOCOCOC(F)OCO*,0,0,22,0,6.21E-04
277,*CCCCCOCOCON*,0,0,22,0,6.06E-04
211,*CCCCCOCC*,0,0,22,0,6.06E-04
123,C*ON*CCOCOONC,0,0,22,0,6.03E-04
432,C*C*CCF,0,0,22,0,5.92E-04
361,C*C*CS,0,0,22,0,5.84E-04
345,O*CCCCCCCCCOCSOS*OC,0,0,22,0,5.84E-04
693,*OCSOCCCOCC(CC)*,0,0,22,0,5.83E-04
456,CCC**COCCOCOCON,0,0,22,0,5.83E-04
414,*CCCCCCOCO*,0,0,22,0,5.79E-04
204,C*CCCCC*COO,0,0,22,0,5.75E-04
221,*CCCCCCOOCCOCC*,0,0,22,0,5.70E-04
97,*COCNCCOCCOCO*,0,0,22,0,5.65E-04
408,*CCCOCOCOC(O)O*,0,0,22,0,5.31E-04
76,*CCCOCOCOCOC(F)*,0,0,22,0,5.26E-04
165,*CCCCOCCOCOCOCOC*,0,0,22,0,5.00E-04
119,*CCSCCSCC*,0,0,22,0,4.85E-04
574,C*C*CCSCC,0,0,22,0,4.83E-04
397,CCC*C*C,0,0,22,0,4.82E-04
74,C*C*CCCCOCONCOC,0,0,22,0,4.81E-04
109,CC*CC*C,0,0,22,0,4.78E-04
150,*CCCCC=CCOCCCOCCOCOCOCOCC*,0,0,22,0,4.77E-04
455,*CCCCOCCCOCOCCCO*,0,0,22,0,4.76E-04
556,*CCCCCCOC*,0,0,22,0,4.76E-04
452,CCC**C,0,0,22,0,4.74E-04
126,*CCCCCCOCOCCCC*,0,0,22,0,4.69E-04
711,*CCCCCOCCCOCOCC*,0,0,22,0,4.68E-04
714,CCCC**C,0,0,22,0,4.64E-04
27,*CCC*,0,0,22,0,4.64E-04
24,C*CCC*C,0,0,22,0,4.62E-04
530,*CCCNCOC*,0,0,22,0,4.61E-04
459,CCC*C*CCCOCCOC,0,0,22,0,4.60E-04
706,C*CC*CC,0,0,22,0,4.57E-04
577,C*CC*C,0,0,22,0,4.57E-04
362,*CCCC*,0,0,22,0,4.54E-04
113,*CC*,0,0,22,0,4.53E-04
412,*CCCCOCCCOCOCCCC*,0,0,22,0,4.52E-04
528,*CNCOCCOCOCC*,0,0,22,0,4.43E-04
99,C*C*CCC,0,0,22,0,4.43E-04
188,*ONOCCO*,0,0,22,0,4.41E-04
230,**,0,0,22,0,4.41E-04
513,*CCCCCCOCCCCCO*,0,0,22,0,4.36E-04
148,CC**CC,0,0,22,0,4.35E-04
59,C*C*C,0,0,22,0,4.35E-04
134,*CCCCC*,0,0,22,0,4.32E-04
713,C*C*CCCCC,0,0,22,0,4.30E-04
294,*C*,0,0,22,0,4.29E-04
128,C**C,0,0,22,0,4.14E-04
157,C*CNCC*O,0,0,22,0,4.14E-04
320,CC*CNNC*O,0,0,22,0,4.06E-04
401,*CCCCCC*,0,0,22,0,4.04E-04
61,NCC**COCCOC,0,0,22,0,4.03E-04
228,*NCO*,0,0,22,0,3.98E-04
525,*CCCCNS*,0,0,22,0,3.87E-04
635,C*CCCONCS*OC,0,0,22,0,3.87E-04
480,C*CO*CCCCOOSN(F)CCOC,0,0,22,0,3.82E-04
220,*NCOCC*,0,0,22,0,3.82E-04
367,*NCCCCO*,0,0,22,0,3.81E-04
463,*NOCCOCO*,0,0,22,0,3.77E-04
307,O*CC*CN,0,0,22,0,3.71E-04
628,*NCOCCCON*,0,0,22,0,3.70E-04
660,*NCOCOCO*,0,0,22,0,3.70E-04
612,*NCCOCCOO*,0,0,22,0,3.66E-04
675,*CNCCO*,0,0,22,0,3.65E-04
384,*COOCSCCCOC(*)=O,0,0,22,0,3.64E-04
470,*CCONNCON*,0,0,22,0,3.49E-04
85,*CCSCSOOCOC(CC)O*,0,0,22,0,3.45E-04
623,CCCOCCCOOC(*)CO*,0,0,22,0,3.43E-04
381,*CNCOCCCCCO*,0,0,22,0,3.40E-04
636,*OCNCOC*,0,0,22,0,3.37E-04
662,*CNOC*,0,0,22,0,3.35E-04
615,*NCOCCCO*,0,0,22,0,3.34E-04
531,*NCCOCO*,0,0,22,0,3.33E-04
207,*COCCOCOCOCOC(=O)O*,0,0,22,0,3.25E-04
703,C**CCOCN,0,0,22,0,3.23E-04
129,*CCNCCC*,0,0,22,0,3.23E-04
406,*CCOCOCCOC(=O)O*,0,0,22,0,3.22E-04
570,*CCNOC*,0,0,22,0,3.21E-04
383,*CCCCCCOCOCCOCCCC*,0,0,22,0,3.20E-04
512,*NCCCC*,0,0,22,0,3.16E-04
336,*CNCCNCO*,0,0,22,0,3.14E-04
195,*CCOCOCCOCC(=O)O*,0,0,22,0,3.14E-04
86,*CCCCCN*,0,0,22,0,3.14E-04
642,*NNCCCOC*,0,0,22,0,3.11E-04
223,CCC*C*NS,0,0,22,0,3.10E-04
451,*COCCOCOCCOC(=O)O*,0,0,22,0,3.09E-04
25,*NCCOCC*,0,0,22,0,3.08E-04
535,CN*CC*C,0,0,22,0,3.06E-04
589,*NCCOCCC*,0,0,22,0,3.06E-04
122,*ONCONCCSC*,0,0,22,0,3.01E-04
237,C*C*CNCSCOCOC(C)O,0,0,22,0,2.99E-04
529,C*C*N,0,0,22,0,2.96E-04
40,C*C*CCCCCCC,0,0,22,0,2.94E-04
87,C*C*CN,0,0,22,0,2.94E-04
538,*ONCC*,0,0,22,0,2.89E-04
318,C*C*NCSCCC,0,0,22,0,2.87E-04
115,C*C*C=O,0,0,22,0,2.86E-04
319,*CCSCCCSCC*,0,0,22,0,2.82E-04
145,*CCNCCCSCNON*,0,0,22,0,2.79E-04
171,*CNC*,0,0,22,0,2.75E-04
262,*CSC(C)SCOCOCO*,0,0,22,0,2.71E-04
607,CC**CCOC=O,0,0,22,0,2.67E-04
473,*CCNCCSCC*,0,0,22,0,2.67E-04
537,CCCC**CNC,0,0,22,0,2.64E-04
560,CCC(*)O*,0,0,22,0,2.62E-04
591,*CC(C)OC*,0,0,22,0,2.61E-04
683,C**N,0,0,22,0,2.61E-04
232,*NC*,0,0,22,0,2.60E-04
620,*OC#CCOO*,0,0,22,0,2.59E-04
73,NC**C,0,0,22,0,2.56E-04
139,*CN*,0,0,22,0,2.55E-04
710,*CC(COCCOCC*)=O,0,0,22,0,2.55E-04
586,*NNCCCCSCCCOC*,0,0,22,0,2.48E-04
701,*CCCOCCCOC(=O)O*,0,0,22,0,2.48E-04
16,C*CC*NCN,0,0,22,0,2.43E-04
332,*OC(CCOCCOCO*)C,0,0,22,0,2.42E-04
312,*N*,0,0,22,0,2.41E-04
545,CCC**CCNC,0,0,22,0,2.41E-04
229,CC(*)CCCO*,0,0,22,0,2.39E-04
666,*CCOCOCCOCCOCOC(=O)O*,0,0,22,0,2.37E-04
63,*CC(S)O*,0,0,22,0,2.35E-04
303,C*C*CCCCCSCS,0,0,22,0,2.34E-04
359,*CCC(S)O*,0,0,22,0,2.32E-04
640,NCC(C*)OCCOCC*,0,0,22,0,2.30E-04
394,*CC(COOCONCCSC)OC*,0,0,22,0,2.27E-04
285,*C1CS1*,0,0,22,0,2.25E-04
120,CC(*)O*,0,0,22,0,2.23E-04
558,C*C*CCCCON=O,0,0,22,0,2.22E-04
37,C*CCS*CSCCCSCCCCC,0,0,22,0,2.19E-04
679,C*C*CCSCCNCC,0,0,22,0,2.14E-04
491,*NC(CCCCO*)=O,0,0,22,0,2.14E-04
596,*CCCCCCCSCC*,0,0,22,0,2.13E-04
34,C*CCCCCC*P,0,0,22,0,2.08E-04
116,*CCCCCOCOCCOC(*)=O,0,0,22,0,2.07E-04
103,*CC(CCCOCOCCON*)=O,0,0,22,0,2.04E-04
604,*CCC(=O)OCCOCC*,0,0,22,0,2.02E-04
493,*NC(S)O*,0,0,22,0,2.02E-04
246,COC(CSCOCOCO*)C[N+]CO*,0,0,22,0,2.02E-04
111,*CCS(*)OC,0,0,22,0,2.00E-04
510,*NCPN(*)O,0,0,22,0,1.99E-04
386,*NN*,0,0,22,0,1.98E-04
695,*CNCCOC(S)CCCO*,0,0,22,0,1.98E-04
393,C*CCCC*C=O,0,0,22,0,1.97E-04
598,*CCCCOCCOC(=O)O*,0,0,22,0,1.97E-04
10,CC*CCC*CCSCCC,0,0,22,0,1.96E-04
544,*OCC(OCCOCOCOC*)=O,0,0,22,0,1.96E-04
705,O*C*CCCN,0,0,22,0,1.95E-04
250,*CC(COCCCOCOCON*)=O,0,0,22,0,1.94E-04
422,*NC(*)CF,0,0,22,0,1.90E-04
39,*[N+]*,0,0,22,0,1.89E-04
369,*CCCC(=O)CSCCSCNCOCOCOCC*,0,0,22,0,1.89E-04
715,CCOOC(*)OCCOO*,0,0,22,0,1.88E-04
717,*CCSCSCCCOC(C*)=O,0,0,22,0,1.85E-04
690,*CCCCOC(CCOCOCC*)OCOCCC=O,0,0,22,0,1.84E-04
434,*CP(CSCC*)OCOCCC,0,0,22,0,1.84E-04
730,CC(*)CC*,0,0,22,0,1.84E-04
35,*CC(*)C,0,0,22,0,1.83E-04
613,C*CCCCCNC*C,0,0,22,0,1.83E-04
133,*CCC(CSC)O*,0,0,22,0,1.82E-04
726,*CC(=O)CSCCCOCO*,0,0,22,0,1.82E-04
21,*CC(S)C*,0,0,22,0,1.81E-04
389,NC(*)O*,0,0,22,0,1.81E-04
685,CC(*)C*,0,0,22,0,1.81E-04
340,*CCOCCCCOCOCCCOC(*)=O,0,0,22,0,1.77E-04
454,*CCC(CSCCF)O*,0,0,22,0,1.76E-04
665,*C(*)CCS,0,0,22,0,1.75E-04
617,*CCCCOCOC(=O)O*,0,0,22,0,1.75E-04
722,*CC(CSCS)O*,0,0,22,0,1.74E-04
439,*NC(*)CC,0,0,22,0,1.73E-04
317,*SC(=O)CCCOO*,0,0,22,0,1.73E-04
391,C*CC*CCCC=O,0,0,22,0,1.69E-04
28,*NC(*)C,0,0,22,0,1.69E-04
167,CCC(*)*,0,0,22,0,1.67E-04
426,CNC(*)*,0,0,22,0,1.66E-04
387,*OC(CSCCCCOCC*),0,0,22,0,1.64E-04
678,*NCC(*)=O,0,0,22,0,1.64E-04
377,*CCC(=O)O*,0,0,22,0,1.62E-04
240,*C(F)O*,0,0,22,0,1.62E-04
0,*NC(*)=O,0,0,22,0,1.58E-04
60,CC(*)*,0,0,22,0,1.58E-04
323,*NC(*),0,0,22,0,1.58E-04
670,*CCCNC(=O)O*,0,0,22,0,1.57E-04
45,*CC(=O)O*,0,0,22,0,1.57E-04
174,*OCOC(CSCCOC)CCCCCO*,0,0,22,0,1.55E-04
1,*NC(=O)O*,0,0,22,0,1.54E-04
677,C*CCO*OC(F)(F)F,0,0,22,0,1.54E-04
168,NC(*)C*,0,0,22,0,1.54E-04
55,*C(*)=O,0,0,22,0,1.52E-04
20,*OC(CCCOCO*)=O,0,0,22,0,1.52E-04
144,*NCCC(*)=O,0,0,22,0,1.51E-04
172,*CCNC(*)=O,0,0,22,0,1.51E-04
505,*OC(CCC=O)OCOOSSC*,0,0,22,0,1.50E-04
509,*SSOC(CCCO*)=O,0,0,22,0,1.49E-04
182,*NCCOC(OC*)=O,0,0,22,0,1.49E-04
233,*NC(*)NC,0,0,22,0,1.48E-04
548,*CC(O)COCOC(=O)O*,0,0,22,0,1.47E-04
547,*CC(F)CS*,0,0,22,0,1.47E-04
53,*CC(CSOC*)=O,0,0,22,0,1.46E-04
462,*NC(CCO*)=O,0,0,22,0,1.46E-04
633,NC(*)N*,0,0,22,0,1.44E-04
724,*OC(COCCCC)OO*,0,0,22,0,1.44E-04
576,*CC(CSC*),0,0,22,0,1.41E-04
443,*CC(*)CCCCOSC=O,0,0,22,0,1.41E-04
371,*CCCOS(F)OC(=O)O*,0,0,22,0,1.40E-04
498,*CNC(C*)=O,0,0,22,0,1.40E-04
311,*OC(CCCCCSCC#N)OO*,0,0,22,0,1.39E-04
653,*CC(=O)CCOC(F)O*,0,0,22,0,1.38E-04
437,CCCC(*)*,0,0,22,0,1.38E-04
18,*CC(*)=O,0,0,22,0,1.38E-04
322,*NCCCCC(*)=O,0,0,22,0,1.37E-04
194,*ONCCOCOCC(*)=O,0,0,22,0,1.36E-04
325,*CCCC(=O)OCOCCOC*,0,0,22,0,1.35E-04
8,*CC(=C)O*,0,0,22,0,1.34E-04
214,*NCCCC(*)=O,0,0,22,0,1.32E-04
118,*NCNC(C*)=O,0,0,22,0,1.30E-04
567,*CCCC(*),0,0,22,0,1.30E-04
684,*CC(CSCC#N)O*,0,0,22,0,1.30E-04
622,*CCO[N+]CCCSCC(=O)O*,0,0,22,0,1.29E-04
649,*CCOCCOCCC(=O)O*,0,0,22,0,1.28E-04
449,*CCS(=O)O*,0,0,22,0,1.28E-04
241,*CCCNC(*)=O,0,0,22,0,1.28E-04
136,*CCCC(=O)O*,0,0,22,0,1.27E-04
3,*OCNCC(N)ON*,0,0,22,0,1.27E-04
170,C*N*CC(N)=O,0,0,22,0,1.27E-04
112,*CCCOC(CSC*)N,0,0,22,0,1.25E-04
450,*CCOCOCOC(=O)O*,0,0,22,0,1.25E-04
573,*OC(CC#N)COCOO*,0,0,22,0,1.25E-04
461,*CCC(CSCCCOC*)=O,0,0,22,0,1.25E-04
411,*CCC(*)=O,0,0,22,0,1.24E-04
42,*CCSC(=O)O*,0,0,22,0,1.23E-04
358,*C(=O)OCON*,0,0,22,0,1.22E-04
415,*OC(CSCCO*)=O,0,0,22,0,1.22E-04
516,ONCC(*)*,0,0,22,0,1.22E-04
31,*NCOCCCOC(*)=O,0,0,22,0,1.21E-04
189,*CC(CSCC*)=O,0,0,22,0,1.20E-04
599,*CCCCOC(*)=O,0,0,22,0,1.20E-04
226,*OC(C)CCO*,0,0,22,0,1.19E-04
697,*CCCCOC(=O)CCCC*,0,0,22,0,1.18E-04
52,*OCCN(F)CCSC*,0,0,22,0,1.18E-04
266,*CCCC(*)CSCCO,0,0,22,0,1.17E-04
127,*CCC(=O)*,0,0,22,0,1.17E-04
721,*NNCOC(=O)O*,0,0,22,0,1.17E-04
559,*CC(CC#N)CCCO*,0,0,22,0,1.17E-04
141,*CCCN(CSCC)CC*,0,0,22,0,1.17E-04
143,*CCCOCOCC(*)N,0,0,22,0,1.17E-04
62,*CC(=O)C*,0,0,22,0,1.17E-04
310,*NSC(*)=O,0,0,22,0,1.17E-04
539,*NC(=O)CCCCCO*,0,0,22,0,1.16E-04
572,*OCC(*)O,0,0,22,0,1.16E-04
671,*COCCCCOC(=O)O*,0,0,22,0,1.15E-04
308,*CNCOC(=O)O*,0,0,22,0,1.15E-04
644,*CCCOCOC(F)CC*,0,0,22,0,1.15E-04
260,*NCC(CS)OC(*)=O,0,0,22,0,1.14E-04
4,*CCC(S)OCCOCOCOC(*)=O,0,0,22,0,1.14E-04
390,*CCCN(C)CCSCSCC*,0,0,22,0,1.13E-04
286,*NC(=O)CN(C)O*,0,0,22,0,1.13E-04
280,CCCCSCCCNC(*)*,0,0,22,0,1.12E-04
458,OC(C#N)(CCCOOCO*)C*,0,0,22,0,1.12E-04
254,*CC(CSNCCCC)CN*,0,0,22,0,1.11E-04
741,*OC(COOOC*)=O,0,0,22,0,1.11E-04
723,*CCOC(CSCOC*)C,0,0,22,0,1.10E-04
183,*CCC(C#CCOCO*)=O,0,0,22,0,1.09E-04
735,*NSNCC(*)=O,0,0,22,0,1.07E-04
372,COC*CCCC*C(N)N,0,0,22,0,1.07E-04
578,*OC(C)CSCSOC*,0,0,22,0,1.07E-04
206,*OC(C)CSCCCOC*,0,0,22,0,1.07E-04
222,*CCCCNC(*)=O,0,0,22,0,1.07E-04
733,*CCCCCSCCN(C)CCO*,0,0,22,0,1.07E-04
536,CO*CSCC(*N)=O,0,0,22,0,1.06E-04
166,*COC(CCCO*)=O,0,0,22,0,1.06E-04
187,CNCSC(OC(*)=O)C*,0,0,22,0,1.06E-04
6,*NC(CC#N)CSC*,0,0,22,0,1.05E-04
13,*CCCOC(C)OC(=O)OC*,0,0,22,0,1.05E-04
579,*NCC(*)C#N,0,0,22,0,1.05E-04
258,*CC(C)OC(=O)OO*,0,0,22,0,1.05E-04
719,C*CC(*CCS)=O,0,0,22,0,1.05E-04
680,*NC(=O)CNC(*)=O,0,0,22,0,1.05E-04
687,*OCSCSCNC(*)=O,0,0,22,0,1.05E-04
292,NC(N)(CC(=O)O*)O*,0,0,22,0,1.04E-04
169,*NC(=O)CCNC(*)=O,0,0,22,0,1.04E-04
271,*NC(C(=O)OC*)=O,0,0,22,0,1.03E-04
554,*OCCSCCP(C#N)O*,0,0,22,0,1.03E-04
668,*OCCCOC(C)NC(*)=O,0,0,22,0,1.03E-04
542,*OCCCOCOC(*)=O,0,0,22,0,1.02E-04
521,*NC(C#N)CSCOC(*)=O,0,0,22,0,1.02E-04
704,*NC(*)CSCCCCC,0,0,22,0,1.02E-04
234,*OCCC(CCN(F)Cl)C*,0,0,22,0,1.01E-04
601,*CCSC(=C)NN*,0,0,22,0,1.00E-04
275,C*CCC(C)CSCNC*CNC,0,0,22,0,1.00E-04
520,*COOC(CSCOC(*)=O)C,0,0,22,0,9.99E-05
382,*OC(CSCC#N)CCO*,0,0,22,0,9.98E-05
740,*CCCCCOC(*)=O,0,0,22,0,9.89E-05
257,*OC(CC(CS)F)CSO*,0,0,22,0,9.88E-05
584,*N(CSC(C)S)C*,0,0,22,0,9.83E-05
297,*CSNOC(=O)O*,0,0,22,0,9.82E-05
105,*OCCSCCCCCC(=O)OCOC(*)=O,0,0,22,0,9.82E-05
380,*OCOCCSCCCC(=O)C*,0,0,22,0,9.78E-05
610,*CSC(*)CCSCCCS,0,0,22,0,9.74E-05
66,*CCCCC(=O)O*,0,0,22,0,9.73E-05
388,*CC(COC*)=O,0,0,22,0,9.71E-05
261,*OCC(*)N,0,0,22,0,9.68E-05
151,*CC(C(*)=O)OO,0,0,22,0,9.66E-05
82,*OC(C)CC*,0,0,22,0,9.66E-05
295,*C#CCOC(*)=O,0,0,22,0,9.60E-05
131,*OCCCOC(N)*,0,0,22,0,9.58E-05
117,*NC(CCCCC)CNC(*)=O,0,0,22,0,9.56E-05
440,*COC(C)CN*,0,0,22,0,9.52E-05
130,*NCCSC(C)C(*)=O,0,0,22,0,9.49E-05
227,*CSC(*)=O,0,0,22,0,9.46E-05
244,CC(*)OCC(=O)O*,0,0,22,0,9.44E-05
657,*OCCC(C#N)CO*,0,0,22,0,9.44E-05
54,*ONC(*)=O,0,0,22,0,9.40E-05
50,*C(CON*)=O,0,0,22,0,9.38E-05
164,*CCCC(*)=O,0,0,22,0,9.38E-05
309,*NC(CC(*)=O)CSCC,0,0,22,0,9.23E-05
355,CC**CCC#CCC=O,0,0,22,0,9.21E-05
264,*OCCN(C(*)=O)SCCS,0,0,22,0,9.20E-05
137,CC**C(CC)=O,0,0,22,0,9.14E-05
466,*OCC(C#N)CCCO*,0,0,22,0,9.14E-05
398,*CNC(=O)NC(*)=O,0,0,22,0,9.11E-05
514,*OOC(C#N)NC(*)=O,0,0,22,0,9.10E-05
378,*OCCCSCCCC(*)=O,0,0,22,0,9.08E-05
552,C*C*CCC(=O),0,0,22,0,9.00E-05
583,*OCC(CNC(*)=O)CCO,0,0,22,0,8.99E-05
661,*NCOCC(*)=O,0,0,22,0,8.99E-05
88,*NCOC(*)=O,0,0,22,0,8.98E-05
248,*OCC(C#N)C(=O)O*,0,0,22,0,8.95E-05
360,*NC(CC(*)=O)C,0,0,22,0,8.93E-05
688,O*N*C(S)(F)CS,0,0,22,0,8.90E-05
716,*OC(CSCCCCC)O*,0,0,22,0,8.89E-05
543,*ONCCP(*)=O,0,0,22,0,8.88E-05
626,*NOC(*)=O,0,0,22,0,8.87E-05
196,*NOCCC(*)=O,0,0,22,0,8.82E-05
213,*OCNC(*)=O,0,0,22,0,8.80E-05
247,*OCCC(C#CO*)=O,0,0,22,0,8.77E-05
272,*ONCCCC(*)=O,0,0,22,0,8.74E-05
588,*NC(=S)NC(*)=O,0,0,22,0,8.73E-05
467,CNC(*)C(*)=O,0,0,22,0,8.73E-05
427,*OC(CSCC#N)O*,0,0,22,0,8.67E-05
734,*NC(C)CSC(*)=O,0,0,22,0,8.59E-05
630,*OCC(CSCCOC(*)=O),0,0,22,0,8.56E-05
413,*OOOCC(F)N(*),0,0,22,0,8.55E-05
481,PCSOS*C*C#CCCC,0,0,22,0,8.51E-05
177,CCSC(*)CSCCC*,0,0,22,0,8.49E-05
647,*OSC(=O)O*,0,0,22,0,8.49E-05
575,*CCSCC(*)=O,0,0,22,0,8.48E-05
438,*CSC(=O)CSCCCC*,0,0,22,0,8.46E-05
395,*OCCCCCC(=O)NC(*)=O,0,0,22,0,8.45E-05
92,*OC(N*)=O,0,0,22,0,8.40E-05
631,*CCCCCNC(*)=O,0,0,22,0,8.39E-05
198,COC(CCOC(*)=O)CSO*,0,0,22,0,8.37E-05
517,*OC(C*)CSCC#N,0,0,22,0,8.37E-05
625,*OCCCSCCC(=O)OC(*)=O,0,0,22,0,8.32E-05
268,*OC(COCCC*)=O,0,0,22,0,8.32E-05
433,*CNC(CSC=C)CCC(=O)O*,0,0,22,0,8.31E-05
487,*CC(F)(F)O*,0,0,22,0,8.29E-05
627,*OC(CSCCCCS)C*,0,0,22,0,8.27E-05
655,CC(C)C*C*C#N,0,0,22,0,8.23E-05
212,*CSOSCCCC(*)=O,0,0,22,0,8.23E-05
490,*OC(CC#N)CCOC(*)=O,0,0,22,0,8.22E-05
686,*OCC(COC(*)=O)CN,0,0,22,0,8.20E-05
606,*CC(=O)NC(*)=O,0,0,22,0,8.16E-05
341,*O[N+]C(*),0,0,22,0,8.15E-05
236,OCCC(*)C*,0,0,22,0,8.11E-05
643,*OCC(C(*)=O)CNCSCC,0,0,22,0,8.10E-05
284,*OC(CSCSC(C#N)O*)=O,0,0,22,0,8.09E-05
279,*NC(CC)CC(*)=O,0,0,22,0,8.08E-05
305,*OC(CSCCC*)=O,0,0,22,0,8.06E-05
199,*OCC(C#N)O*,0,0,22,0,8.04E-05
424,*COC(=O)SCO*,0,0,22,0,8.04E-05
698,*OCC(*)C(N)=O,0,0,22,0,8.02E-05
506,CCO*O*OC(C)CC(=O)O,0,0,22,0,8.01E-05
725,*OCC(SOS*)=O,0,0,22,0,7.98E-05
108,COC(NC#S*)CCCC*,0,0,22,0,7.98E-05
253,*SCCOC(*)=O,0,0,22,0,7.97E-05
699,*OCC(=O)O*,0,0,22,0,7.96E-05
326,*COCN(*)C(=O)S,0,0,22,0,7.95E-05
667,*OCC(C)CCOC(*)=O,0,0,22,0,7.93E-05
71,*OC(CC(=O)F)O*,0,0,22,0,7.93E-05
476,*O[N+]C(*)=O,0,0,22,0,7.89E-05
251,*OCCCCCCC(*)=O,0,0,22,0,7.85E-05
327,*ONOC(C(*)=O)CSC,0,0,22,0,7.81E-05
619,CCOC(COCOC(*)CC*)=O,0,0,22,0,7.80E-05
91,*CC(=O)C(=O)O*,0,0,22,0,7.78E-05
48,*CCOCCOC(*)=O,0,0,22,0,7.69E-05
203,*COC(=O)O*,0,0,22,0,7.68E-05
218,CC(*)C(=O)O*,0,0,22,0,7.67E-05
282,*CC(C)OCCC(=O)O*,0,0,22,0,7.67E-05
609,C(CCSCCOC(*)=O)*,0,0,22,0,7.62E-05
581,NS(C(*)=O)OCCC(*)=O,0,0,22,0,7.61E-05
420,*OCCC(CSCC)CCCC*,0,0,22,0,7.58E-05
602,*COC(=O)CSCSCC*,0,0,22,0,7.54E-05
176,*OC(*)=O,0,0,22,0,7.53E-05
343,*OC(CC(C)C#C)COCCO*,0,0,22,0,7.52E-05
565,*OCCOCSC(*)=O,0,0,22,0,7.51E-05
163,CC(*)COC(*)=O,0,0,22,0,7.49E-05
419,*OCCC(=O)O*,0,0,22,0,7.48E-05
190,CC(OCOC(*)=O)O*,0,0,22,0,7.48E-05
477,*OC(CC#N)*,0,0,22,0,7.46E-05
402,*OCOC(OC*)=O,0,0,22,0,7.45E-05
650,OCCCCOC(*)O*,0,0,22,0,7.41E-05
410,C*CC*CS(=S)CCSCCC,0,0,22,0,7.40E-05
468,*NCC(CC(*)=O)CC(=O)O,0,0,22,0,7.38E-05
409,*OCCCOC(CC)O*,0,0,22,0,7.38E-05
84,*CCOC(=O)O*,0,0,22,0,7.37E-05
158,*CCCOC(*)=O,0,0,22,0,7.34E-05
175,*NC(CC#N)CC(C)CC(*)=O,0,0,22,0,7.34E-05
344,*OC(CSC*)C,0,0,22,0,7.32E-05
479,*OCCC(=O)N(C)C(*)=O,0,0,22,0,7.31E-05
347,*OC(C)CSCCOC(C*)C,0,0,22,0,7.25E-05
430,*OC(C(*)=O)CSCCS,0,0,22,0,7.23E-05
192,*OOC(CSCCCC*)=O,0,0,22,0,7.23E-05
302,*CC(=O)CC(=O)OCC*,0,0,22,0,7.23E-05
561,*OC(C(*)=O)CSCSC,0,0,22,0,7.22E-05
727,*OCCC(=O)CSC*,0,0,22,0,7.22E-05
324,C*C*OC(C)(C#N)CCC,0,0,22,0,7.15E-05
739,*OCCSCC(*)=O,0,0,22,0,7.14E-05
654,*OC(CCSC*)=O,0,0,22,0,7.13E-05
313,*CC(C)C(=O)O*,0,0,22,0,7.10E-05
300,*OC(C)CC(=O)CCO*,0,0,22,0,7.09E-05
293,CCCCOCOC(*)*,0,0,22,0,7.08E-05
321,*OCNC(C)(C)CC*,0,0,22,0,7.08E-05
425,*OCCC(CSC)CC*,0,0,22,0,7.08E-05
448,*CC(CC(*)=O)N,0,0,22,0,7.07E-05
373,*COCOC(=O)O*,0,0,22,0,7.06E-05
350,*CCOCC(=O)O*,0,0,22,0,7.05E-05
348,*OPC(*)=O,0,0,22,0,7.04E-05
245,*OCCCC(*)=O,0,0,22,0,7.02E-05
634,*OCOCC(*)=O,0,0,22,0,6.99E-05
519,*COC(=O)*,0,0,22,0,6.98E-05
700,*OCSOSC(*)=O,0,0,22,0,6.93E-05
624,*COCC(CC*)=O,0,0,22,0,6.89E-05
104,CCC(CCOC(*)=O)O*,0,0,22,0,6.89E-05
149,*OCP(*)=O,0,0,22,0,6.87E-05
159,*COS(F)(F)OCC*,0,0,22,0,6.86E-05
580,*OOCCCC(*)=O,0,0,22,0,6.86E-05
445,*OC#COC(CC)O*,0,0,22,0,6.82E-05
522,*OCC#CCC(*)=O,0,0,22,0,6.82E-05
339,*OC(CSC)CCC(CS)OC(*)=O,0,0,22,0,6.78E-05
540,*CCC(=O)C(=O)O*,0,0,22,0,6.78E-05
483,*COCC(C*)=O,0,0,22,0,6.76E-05
100,*OC(CSC*)=O,0,0,22,0,6.76E-05
216,*CC(=O)N(C)CC(C*)=O,0,0,22,0,6.72E-05
534,*OOC(*)=O,0,0,22,0,6.68E-05
146,*OCCC(*)=O,0,0,22,0,6.67E-05
696,*COCCCC(*)=O,0,0,22,0,6.67E-05
708,*N(C(=O)C(=O)NC(*)=O)C,0,0,22,0,6.65E-05
160,*OCC(*)=O,0,0,22,0,6.63E-05
551,*COCOCC(*)=O,0,0,22,0,6.61E-05
290,*CC(CCSCCC)CN(C)C(*)=O,0,0,22,0,6.60E-05
603,OCC(COC(*)=O)C*,0,0,22,0,6.59E-05
225,*COCC(*)=O,0,0,22,0,6.58E-05
605,*CCOCC(*)=O,0,0,22,0,6.57E-05
471,*NC(*)C(=O)C(C)=O,0,0,22,0,6.57E-05
502,*OCOCOC(*)=O,0,0,22,0,6.57E-05
645,*COC(=O)C*,0,0,22,0,6.56E-05
416,*CCOC(*)=O,0,0,22,0,6.56E-05
475,*COC(*)=O,0,0,22,0,6.54E-05
594,*OCC#CC(*)=O,0,0,22,0,6.52E-05
428,CN(C(*)C)C(*)=O,0,0,22,0,6.51E-05
101,CCC(*)CCCOC(=O)O*,0,0,22,0,6.43E-05
524,COCC(*)C(=O)O*,0,0,22,0,6.42E-05
689,*OC(C)CC(=O)O*,0,0,22,0,6.42E-05
353,FC(*)OC(*)=O,0,0,22,0,6.32E-05
281,*COC(C)(C)OCCCCCO*,0,0,22,0,6.31E-05
496,*OCS(C(*)=O)CC,0,0,22,0,6.31E-05
289,*OC(C)CC(CCS*)=O,0,0,22,0,6.31E-05
79,*OC(CF)CC(*)=O,0,0,22,0,6.27E-05
656,*OC(C)CC(=O)CCC(=O)O*,0,0,22,0,6.26E-05
523,*COC(C*)=O,0,0,22,0,6.25E-05
503,CC(*)(F)C(CSOCC*),0,0,22,0,6.22E-05
249,*OC(CC*)=O,0,0,22,0,6.17E-05
736,*OC(CCCCC(*)=O)CC(=O)CCCCC,0,0,22,0,6.17E-05
557,*OC(C(*)=O)S,0,0,22,0,6.14E-05
370,*OCC(CC(*)=O)C,0,0,22,0,6.12E-05
256,CCC(C(*)=O)CCO*,0,0,22,0,6.04E-05
65,*OC(CC(*)=O)CC,0,0,22,0,6.01E-05
639,COC(OCC(*)=O)C*,0,0,22,0,5.91E-05
43,COCC(*)CC(*)=O,0,0,22,0,5.90E-05
691,CCCC(*)P(*)N,0,0,22,0,5.82E-05
404,*OC(*)(C)CS,0,0,22,0,5.73E-05
33,*COC(C)CC(C)(C)O*,0,0,22,0,5.62E-05
273,*OC(C)C(C)=C*,0,0,22,0,5.52E-05
180,*CCCC(CSCC(C)C)CCC*,0,0,22,0,5.43E-05
632,CC(CCC(=O)C(*)=O)O*,0,0,22,0,5.36E-05
